99991394;RUCAR;ROMAIN
99981722;BELVAL;JEREMY
99984823;DELCROIX;THOMAS
99990001;MIENS;BENOIT
99990017;OUFFA;MOHAND
99990246;MUHIRWA;FABIEN
99990471;DAUBERCY;HANS
99990523;HENG;WASSILA
99990524;FALL;XUE SONG
99990528;BEVE;ARISTIDE
99990736;GOUDJIL;ZIED
99990955;AMARA;JONATHAN
99991061;ABIDI;ADAM
99991251;ABOUASSI;MUSTAPHA
99991273;MESKOUNA;RAPHAEL
99991343;BABA;AURELIEN
99991346;AIT BEN AHMED;NAJIM
99991419;BENHENIDA;CECILE
99991463;PAQUET;JULIE
99991472;GEENENS;BENJAMIN
99991478;BEAURIN;MAMADOU DIOULDE
99991494;LAOUADI;MOHAMED
99991596;BELLAALA;TEODOR
99991615;AKHATAR;ALI
99991630;PICAVET;THIERRY
99991632;LI;MAXIME
99991665;LACROIX;DINO
99991685;HADDAD;OUSSAMA
99991749;GOMBERT;MORGAN
99991760;DUSART;SIMON
99991775;MAZOYER;SAID
99994101;CAMPION;MATTHIEU
99994698;AGOSTINO;MOHAMED
99994827;MARCHAND;YANN
99995122;BADIANE;ASSAD
99995711;GABELLE;NICOLAS
99994793;AIT ALI;ZHULDYZ
99993241;CAILLIER;KOSSI
99993240;ESSAIDI;WASSIM
99993373;LEMAY;ABDENBI
99991006;YANG;ELODIE
99974405;POLETTO;ZAKARIE
99994656;FOGEL;MATHIEU
99990331;RENAUT;JIHANE
99990334;INTILE;JULIEN
99981606;PRIEM;MARTIN
99990203;DESREUMAUX;SORAYA
99995479;DELOTTRY;MEHMET ALPKENAN
99995295;DAI;JULIEN
99996299;BEAURIN;MARINA
99990470;SECK;BAPTISTE
99994611;MABCHOUR;MADANI
99990002;KLEMESIAK;SIHEM
99991782;KEMMOUN;AMADOU
99994404;MABCHOUR;GAETAN
10305246;BURGHGRAEVE;MO
99972179;KOUMARE;BENJAMIN
99993767;DAUGEVIS;MANELLE
99994575;FREVILLE;THEOPHILE
99990593;LE BOVIC;HENRI
99990341;TERROIR;DAVID
99991528;TELEUOVA;SOUFIANE
99990729;GEENENS;THOMAS
99995118;ZEN DOUR;CLEMENTINE
99991027;DEKONNINCK;AURELIE
99993706;DA SILVA;NAJWA
99994392;BOUTIYARZIST;CECILE
99990374;PLEE;ALEXANDRE
99980574;AMANI;JEREMY
99993660;DELABY;JONATHAN
99994854;BEVE;GUILLAUME
99990504;ABI CHAHINE;MOHAMAD
99997751;FOURNIER;FREDERIC
99990009;WATTEEUW;SORAYA
99997425;FOGEL;MOHAND
99991646;CHANNA;JONATHAN
99984127;CAMUS;THOMAS
99990004;BADIROU;YLIA
99994907;BENJELLOUM;ISMAEL
99991506;LOMBARD;MARIE
99975411;LASALLE;EMMANUEL
99991599;KUTAK;ANTHONY
99993692;DAI;VIC ANN
99996503;AZAZ;VALENTIN
99994039;RICHARD;DEMBA MACK
99994883;FADEL;LOUIS
99990519;CUBIZOLLES;MELANIE
99980539;ABOUASSI;SERGE
99984225;EL KURDI;ZENAB
99990803;ROUSSEL;AURELIE
99990991;DIALLO;CEDRIC
99994622;AGOSTINO;DENIS
99995453;DELABY;MAMADOU
99990152;SCREVE;GEOFFREY
99990706;SAHMAOUI;MARION
99990005;ZAYANI;LAURENE
99990395;PETIT;ANTOINE
99994558;ABOUASSI;KEVIN
99981080;DUFOURNY;AURORE
99990607;PICAVET;QUENTIN
99993631;LE BOVIC;LAUREEN
99985714;AZAZ;LUC
99993202;NKENG BAKOUYACK;ALEXANDRE
99990006;DERONE ;DAHLIA
99990007;CATTEAU;ABDELLAH
99990057;DIALLO;MAEL
99974083;LECOCQ;GUILLAUME
99984066;MENDIL;YOUSSOUFA
99985629;ELOUALI;ELODIE
99994650;BEZIN;PIERRE
99990970;ESSAIDI;FARID
99994314;KOZA;EL HADJI BALLA
99994302;VAN PAEMEL;FANNY
99990699;AZZEDINE;MOHAMED
99994343;ZACCARIA;BRAHIM
99991551;DUFOREST;YLIA
99991829;CHABIB;DARINA
99991392;GODEFROY;AKIM
99991590;ABRAMSKI;EL MAMOUN
99994545;AZAZ;HASAN
99995792;MOSIN;MARC
99995487;DUFOREST;HASNA
99991639;POURCHET;JONATHAN
99991278;DHALLUIN;SARAH
99981372;YATAGHENE;TAREK
99990789;MARTIN;SALAHEDINE
99991701;FERREIRA;ALEXANDRE
99977319;INGABIRE;SONIA MARCELLE
99994972;LI;FRANCOIS
99995166;AERNOUTS;MATTHIEU
99976161;LAAROUSSI;FARID
99976161;BOUACHA;NICOLAS
99995244;RAKE;FABIEN
99990468;FROISSART;SEBASTIEN
99991643;POURCHET;CECILE
99994533;MARIE;AGATHE
99990034;DELECROIX;SOUFIANE
99990901;MENDIL;ROMAIN
99990446;ABRASHEV;NASSIMA
99991244;PEPIN;FANNY
99985485;FADEL;MANELLE
99980511;RICHARD;YOUNESS
99982592;LACROIX;BENJAMIN
99995634;KEITA;BALLA
10306143;SECK;AURORE
99997523;SITOTAI;FRANCOIS
99995483;ANDJA;ELISE
99993961;CRAMPON;EMELINE
99997088;VANHOLLEMEERSCH;THIBAULT
99984674;WEAVER;JONATHAN
99995705;STASIACZYK;MARIETOU
99991545;HERENG;ALI
99990461;RAOUDANE;MENG
99990008;DAUTRICOURT;BRAHIM
99990009;DUBOIS;FRANCOIS
99990719;CAILLIER;EMMANUEL
99990582;TOUBBE;ALICE
99977386;POLETTO;ANTOINE
99994414;DIALLO;ANISSA
99990885;VALLET;DAMIEN
99990763;KOSKA;CYRIL
99990722;DIOP;CLEMENT
99982999;OUDELHA;CECILE
99991644;HANNA;CLEMENTINE
99990579;KORRY;FABIEN
99983010;BLASZCZYK;THOMAS
99985471;RAKE;YANN
99982171;DALIGAULT;MARIAM
99996142;EL HAJJ SLEIMAN HAIDAR;FRANCOIS-XAVIER
99993921;DELABY;LAURENA
99990834;KERKHOVE;FRANCOIS-XAVIER
99981644;RAKOTOSALAMA;VIC ANN
99991634;HAMMOUCHE;MARC
99994334;MARCHANT;LOIC
99990366;DIENIS;GAUTHIER
99994857;DELAGE;QUENTIN
99990798;DELZENNE;THE PHONG
99990010;ISSELMOU BEIBA;MICHEL
99991611;QUI;SAID
99985181;DEBARBIEUX;AGATHE
99990011;NOUVEAU;MELANIE
99991350;DELVOYE;AURELIE
99990735;ODENT;QUENTIN
99982399;BEZIN;MARIE
99995127;DOUKALI;ZHULDYZ
99981413;NOYER;SOUAD
99990012;GAMBA;FLORENT
99971918;SARTORI;JULIEN
99982223;CHLEBICKI;TIPHAINE
99994784;FERREIRA;AYOUB
99993015;LAMBIN;RABII
99983467;LIEBERT;XAVIER
99981388;BARRY;JULIEN
99990586;OLIVEIRA TAVARES;ABOUCHOUAIB
99990251;EL KASMI;DENIS
99994322;DIALLO;XAVIER
99995849;ISSELMOU BEIBA;BENJAMIN
99984876;QUI;LAKHDAR
99991301;CUVILLIER;WILLIAM
99995247;WELADJI;MOHAMED
10305775;BAGUMAKO;MAXIME
99991594;HADDAD;EMMANUEL
99960882;SOBCZAK;ADRIEN
99962864;RABIN;YOHANN
99984391;QIU;VINCENT
99971923;MENDIL;CHADI
99996075;DELOTTRY;PIERRE
99990418;MAZOYER;ELODIE
99993201;DALIGAULT;ALEXANDRE
99991264;LASALLE;LOIC
99997068;ZAGHBA;CEDRIC
99983435;MOSIN;THANH DAT
99984498;COUSIN;EL HADJI BALLA
99994464;AMRIOU;NICOLAS
99990939;AGUERD;YONGZHANG
99988016;LI;AURELIE
99990821;BENABBOU;DINO
99960875;BART;PAMELA CATHERINE
99993769;BOUYARDANE;HASNA
99995856;BRILLON;TRISTAN
99991304;SYLLA;IBRAHIMA
99991459;ABI CHAHINE;MAXIME
99983484;SERRET;GRETA
99995234;DIALLO;ZIAD
99990861;LECLINCHE;ZAKARIE
99994836;INGABIRE;ISSAM
99994836;DUBOIS;MARTIN
99981880;DELAPLACE;EMMANUEL
99994220;LIBER;STEVE
99983032;CRETAL;GEOFFREY
99990013;AMARA;DOGA
99990014;JAADAR;KINDA
99995285;ABDALHA;AICHA
99995474;INTILE;SALIFOU AMINATA
99993234;OLRY;MARIO
99994223;EVRARD;WASSIM
99990891;DEBUISSON;STEVE
99996090;LECLERCQ;SONIA
99974026;NKENG BAKOUYACK;ALEXIS
99993652;BAZELIS;LAURENT
99994307;LEFEBVRE;AURELIEN
99991126;KAHOUL;MOUSTAPHA
99993074;SY;ZIAD
99993530;DA SILVA;MAXIME
99982057;BOUKEROUI;MAROUANE
99985913;VERRUE;MOHAMED
99996820;BURGHGRAEVE;ABBA
99967306;SLIMANI;LAMINE
99995214;LI;MOHAMAD
99995288;FABRE;MAROUANE
99994362;BAH;ERIC
99984641;MUROT;MARIE
99982169;KUTAK;AURORE
99995284;CHLEBICKI;IBOURAHIM
99991440;BAGUMAKO;MICHEL
99990015;SCHEER;SAMIA
99961231;BAREZ;WILLIAM
99991780;NAHELOU;NIHAL
99990016;CHQUIRY;WILLIAM
99996759;RIQUET;SOUFIAN
99996431;FOURNIER;SEBASTIEN
99997017;LION;BALLA
99983805;GOUBEL;ASSAD
99960479;AL MOUSSAOUI;GEOFFREY
99991002;AGOSTINO;YANN
99996854;DEVALCKENAERE;MAHMOUD
99983098;PETIT;HELENE
99995531;PLANARD;MAXIME
99983079;DJAFOUR;AURELIE
99990274;GOMBERT;MARIAM
99996852;DIDAOUI;BRAHIM
99994317;DIAGNE;TYPHAINE
99982323;EL HILA;DAVID
99991835;KAHOUL;MARIE
99993091;BAERT;ALEXIS
99997519;RICHARD;ROMAIN
99996047;WITONZE BARAZA;IBOURAHIM
99995798;BLASZCZYK;THIERNO ABDOULAYE
99990017;PORTMANN;KEVIN
99991387;PORTMANN;FRANCOIS-XAVIER
99991854;ES SALEMY;LUCIE
99994513;CALLEMYN;MEHDI
99983000;IDAROUSSI;NICOLAS
99996070;THOREY;SALAHEDINE
99990046;VANCOMERBEKE;DAMIEN
99991728;DELZENNE;MOUSTAPHA
99990018;VANHOUCKE;ABBA
99991415;DAUTRICOURT;CLEMENT
99990254;DIDAOUI;MATHIEU
99991339;OLCHOWKA;MARIE
99990282;KHABZAOUI;MOHAMED NAIM
99993047;OLIVEIRA TAVARES;MARION
99991171;BRILLON;DAMIEN
99991144;ALLOYEZ;GEOFFREY
99990099;MOUQUET;ROMAIN
99990306;YANG;LOUISE
99990195;DUPUIS;ISABELLE
99990111;ZAGHBA;BYUSA
99997313;DEFIEF;AURELIEN
99991069;EHDAIE;ANDRIAMBATO
99991755;DEGHAYE;XUE SONG
99994210;LASALLE;CHRISTIAN
99990864;GHALLEB;FATIMA ZAHRA
99993028;KHENNACH;JEROME
99991105;PIANTINO;ALISON
99993653;STASIACZYK;PAMELA CATHERINE
99991688;ABRAMSKI;CELINE
99995352;JOLY;ELODIE
99990301;COUVENT;JEREMY
99995136;ABRASHEV;JULIE
99991417;MARCHANT;LOUBNA
99990426;GEENENS;VINCENT
99990698;DAUBERCY;ROMAIN
99991555;FRION;LONGE MIKE
99990117;NAHELOU;AURELIEN
99990903;CAMUS;THU HA NATHALIE
99990974;MOLINET;MAXIME
99990532;ADJOU;KARIMA
99990984;DEKONNINCK;GUILLAUME
99987891;QUI;YONGJIA
99993019;NAPOLI;ANTHONY
99994326;SOUMAH;MARTIN
99990765;WITONZE BARAZA;DELAGOT
99993222;KOPACZEWSKI;SURAJ
99983377;THILLIEZ;TARIK
99991373;DUMORTIER;ANTHONY
99994807;HACHI;ALEXIS 
99990011;LEMAIRE;HADJ ABDELKADER
99972602;ZEKRAOUI;JULIEN
99990138;DAGUENET;WILLIAM
99995672;PRIEM;FLORENT
99990106;YUAN;HAKIM
99991502;RIDEZ;FABIEN
99996616;SYLLA;LIONEL
99991217;PARENT;LOUIS MARTIN
99995838;RAOUDANE;MARION
99995201;DAGUENET;MAXIME
99995028;AITZHANOVA;GUILLAUME
99996848;PIERQUIN;KEVIN
99991606;VANDEPUTTE;SAMI
99980541;BRAUD;MATHILDE
99994215;MONIER;MATHILDE
99981112;IRAKIZA TUYISHIME;ADRIEN
99990168;IBRAHIM;SOFIANE
99990206;RUCAR;JEREMY
99991725;DAUBERCY;FAHED
99990987;CAPUANO;MAXENCE
99991142;OUNNOUGHENE;NORA
99981015;DUBOIS;LARBI
99990131;SEGHIR;ISMAEL
99994499;BOUAKROUCHA;DOUNIA
99995172;GEENENS;CLEMENT
99983876;OUNNOUGHENE;OUSAMA
99991297;GAMBA;THIBAULT
99991629;MECHERGUI;NICOLAS
99993623;CAMPION;CHRISTOPHE
99991355;TELEUOVA;MAXIME
99991649;CAMUS;ALI
99982130;TROITO;TEODOR
99993170;DELABY;WARSAMA
99982428;GOUDJIL;EKKALAK
10303568;NGUYEN;FRANCOIS
99991003;DEBOEUF;EL HADJI BALLA
99982562;AYOUB;GEOFFREY
99990467;MARIE;HICHAM
99981750;CAZET;MAMADOU DIAN
99991261;BAH;LUC
99980444;FARVACQUES;BENOIT
99991683;DELCROIX;HAKIM
99994607;SECK;ROMARIC VALERY
99994252;KERKHOVE;MONAH
99990531;SAOUD;PAMELA CATHERINE
99981379;TATCHUM BEM;MAXIME
99995628;LECLERCQ;AHMED
99991450;ROUSSEL;ANNE-LUCIE
99996124;BARRY;MOHAMED
99990780;HALIFA;CECILE
99995786;FERREIRA;DAMIEN EMMANUEL
99990235;DEFIEF;ALPHA OUSMANE
99980528;BLOCQUET;CHRISTIAN
99991796;PAMULA;MOHAMED
99982540;BOYER;LEONIE
99990794;TELMANI;EMELINE
99982044;DIOP;MEHMET ALPKENAN
99990751;SIKAOUI;TAREK
99991460;KHABZAOUI;ALEXANDRE
99991547;GISQUIERE;LAURENE
99991614;PLUMYOEN;ETIENNE
99991655;BELARBI;CELINE
99990371;WATTELIER;BENJAMIN
99991208;DO;CHARLOTTE
99990454;OUNNOUGHENE;ALI
99990432;OLRY;MOUSTAPHA
99972672;DELCROIX;BENJAMIN
99994817;KOPACZEWSKI;LOUIS
99996214;DIENIS;ERIC
99996554;DRUBAY;JONATHAN
99991005;BOUQUET;MARLYN ELDA
99990019;HARKATI;MARTIN
99991612;SECK;EL MAMOUN
99983007;NAVET;MARC
99991222;PALMEIRO;EMELINE
99995680;DOUIRI;GAUTHIER
99994931;VANDAMME;CLAIRE
99984980;RABHI;KIRMAN
99985858;DELALANDE;SEBASTIEN
99993164;NEF NAF;KINDA
99982124;BRASSART;IBRAHIMA
99993311;HO;JULIEN
99990388;SYLLA;KUN
99995568;DARQUES;ALICE
99990262;HALIFA;DAVID
99990283;DUQUENOY;GUILLAUME
99990020;BELARBI;SASAN
99985651;JOLY;ALPHA OUSMANE
99997860;HADDOUCHE;BELKACEM
99994633;GHALLEB;QUENTIN
99990021;SOUALI;TYPHAINE
99994759;BRUHIER;JENNIFER
99991205;GIRAUDIN;PRISCILLA
99991673;CALARESU;YOUNESS
99991798;DUPUIS;DELAGOT
99991379;ALLALOU;AHMED
99982267;DO;YUNLIN
99990249;LEGOUFFE;CYRIL
99997007;MUHIRWA;SEBASTIEN
99990626;POLETTO;JOFFREY
99990022;TOUBBE;JULIEN
99990899;BASTIEN;DAHLIA
99993128;KALSAN;ABBA
99990799;LUCAS;ROMAIN
99972846;KAILLANI;NICOLAS
99991197;AIT ALI;BAPTISTE
99994977;HADDAD;SIMON
99990419;RICHARD;OUSSAMA
99990752;MUROT;HELENE
99993175;JAADAR;YANNICK
99991538;SERMAN;SAFIA
99960114;LEGOUFFE;LUCIE
99994472;BADIROU;WASSIM
99991493;DJAFOUR;PRISCILLE
99990572;BAH;MARA
99972328;BABA;MANELLE
99994211;DELOTTRY;NAJIM
99991077;GUETTICHE;MOUHAMED
99994814;ARIKAN;SAID
99982045;COLLET;ROBIN
99980555;GOMBERT;ALICE
99994973;PEETERS;VALENTIN
99990677;DOUALLE;MARIAM
99990389;MHEIDLY;JULIEN
99982298;SYLLA;MAXIME
99991074;FROISSART;ALEXANDRE
99994406;FAYE;MAMADOU BASSIROU
99990553;WATTELIER;FETHI
99990370;YANSANE;LAETITIA
99995522;DEBOEUF;MARIO
99991226;LEFLON;ALLISSON
99996159;DJEBIEN;WARSAMA
99997030;KOUMARE;SURAJ
99990082;SEGHIR;ALI
99995878;HENIN;YANN
99983236;TONDAGANI;FARID
99993101;ZEKRAOUI;CLAIRE
99995037;EHDAIE;FABIEN
99990612;BRISSET;GAUTHIER
99991176;VALLET;DAVID
99993669;MECHERI;LUDOVIC
99990066;HARLEAUX;ALPHA OUMAR LAOURATO
99990048;PAQUET;RACHIDA
99994781;CARRETTE;YOUNESS
99981364;AGUERD;ZAKARIE
99991720;ERRIAH;PAPA AMADOU
99994934;BENTAIEB;MANAL
99995576;MOREL;JEAN
99990023;MECHERI;CLEMENT
99996633;DELAPLACE;ZIED
10307078;DIAYO;KAMEL
99991855;KLEMESIAK;NICOLAS
99996123;PIANTINO;JULIEN
99990024;DO;ALICE
99991636;DOMFANG DJEUYOU;DAMIEN
99980146;DIAGNE;HANS
99994498;BAUDET;STEPHANE
99995481;DELATTRE;SOUFIANE
99996297;ARIKAN;MARION
99993616;DIOP;MEGHANN
99991592;PERON;SOFIANE
99990025;MASSONNEAU;OUSMANE
99984602;WARLOP;AMINA
99990026;NOUFLI;ASSAD
99995319;DUTERTE;DAMIEN
99994188;BARRA;SYLVAIN
99982100;HARKATI;KAMEL
99981431;DIALLO;EL HADJI MALICK
99991104;SARTORI;MOHAMED
99995321;DIALLO;HLEB
99990027;RAKE;REMI
99993639;IBRAHIM;THIERRY
99990150;DIALLO;JULIE
99990364;LECLERCQ;AURELIE
99993607;SOW;BILEL
99991509;KHENNACH;CLEMENT
99995401;AGUERD;OUMY
99995625;NKENG BAKOUYACK;ALPHA OUMAR
99993224;IRAKIZA TUYISHIME;ISABELLE
99994368;SARR;DJAMEL
99962918;KAILLANI;ROMAIN
99991107;ZAYANI;JIHED
99973021;GOUDJIL;SALIFOU AMINATA
99990188;HADJ;MONAH
99991275;KOULOHERIS;LONGE MIKE
99996329;KOSKA;BADR
99983789;ZAOUAK;REMI
99983402;DRISSI TOUZANI WALALI;CEDRIC
99983064;DESWAZIERE;JEREMY
99995160;NEMORIN;ABOUCHOUAIB
99990351;CHEVREUIL;JULIEN
99983042;AIT BEN AHMED;KEVIN
99995274;LION;WASSIM
99983512;TINMIOULI;ILHAM
99983903;INDRIANAMIHAJA;WILLIAM
99995942;BOULONNE;MARINA
99994078;DORCHIES;GUILLAUME
99997621;CHANNA;IBRAHIMA
99994865;PEETERS;ANNE
99997204;DINE;ISABELLE
99974648;ZHAO;FLORENT
99996982;TATCHUM BEM;AIDA
99984548;DASONNEVILLE;ALLEL
99983883;VAN PAEMEL;PIERRE
10306385;RABARISON;DOGA
99995090;BURETTE;DEMBA MACK
99995686;BENJELLOUM;FATIMA
99987762;VAN PAEMEL;CLEMENT
99995355;MOUQUET;MOHAMED
99996406;HALUK;ALPHA OUMAR LAOURATO
99995079;DEVIENNE;THEOPHILE
99984365;DESREUMAUX;GRETA
99995044;LEGRAND;SERGE
99972223;SOBCZAK;AHMED
99983446;MOREAU;ALEXANDRE
99997452;TETU;MOHAMED NAIM
99985594;DELAPLACE;REMI
99994723;POPULO;CAMILLE
99993180;BOUMEZRAG ;ANTHONY
99984998;GHILASSENE;THOMAS
99983433;PETIT;NORA
99986245;AMRIOU;REDOUANE
99996755;ITANI;AWA
99983408;HERENG;JEREMY
99973991;ZEROULOU;ZENAB
99974838;WANE;MAMADOU BASSIROU
99982885;MASSONNEAU;ELODIE
99994680;COTTE;FLORENT
99983690;HAMMADOU;KINDA
99995149;DUPUIS;AKTAR ANFANE
99996343;LEVEQUE;THOMAS
99985217;BIALECKI;VICTOR
99987954;DEVIENNE;BENJAMIN
99984062;PETIT;AMADOU
99984557;MBENGUE;YACOUB
99991274;DELABRE;HAKIM
99984144;PETIT;MARIETOU
99982903;FOLLIOT;ANOUAR
99991818;AMRIOU;DAMIEN
99994733;ABDOULAYE MOHAMMED;ANTHONY
99995239;HELART;FARID
99994681;LAURENT;NATACHA
99965073;HACHI;GAETAN
99994559;CUISINIER;YACINE
99995457;AGBA;FREDERIC
99991584;SOUISSI;GEOFFREY
99991586;ABDOLMOHAMMADI;BENJAMIN
99965707;SERRET;NORA
99996584;TONDAGANI;NICOLAS
99994158;KHENNOU;MARJORIE
99968270;FARHI;ALPHA OUMAR
99991778;DELECROIX;AHMED
99975506;BAILLIEUX;BENJAMIN
99987753;OLRY;WILLIAM
99982041;GUAN;MAXIME
99991672;LEMANG;IBRAHIM
99982909;NEF NAF;FOUED
99973871;HALUK;KAMAL
99997999;DIOP;CLAIRE
99990141;DO;QUENTIN
99990242;GATNER;DAMIEN
99997069;RIDEZ;CHARIF
99965788;DUBEAUX;JEAN
99982037;KHOCHMAN;JIHANE
99997635;BAREZ;AURELIE
99976143;BLOCQUET;FAUSTINE
99996482;NAVET;PASCAL
99973548;SOUALI;JULIEN
99994861;DEBAILLEUL;SONIA
99996757;AL MOUSSAOUI;CLEMENT
99996901;EL KHALQUI;THOMAS
99984234;ANDJA;NATHAEL
99981483;MECHERGUI;ALLISSON
99996973;BOYER;ANNE
10304909;BOUTIYARZIST;MAMBY
99996197;DELECROIX;JONATHAN
99997103;AMARA;XAVIER
99994484;NAHELOU;FATIMA
99995581;FERREIRA;SEBASTIEN
99995431;KHENNOU;ANISSA
99980245;TIRLOIT;THIERNO ABDOULAYE
99995066;KAMAHORO;ALEXIS 
99996014;JAZIRIAN;TYPHAINE
99983326;SACKO;JULIEN
99985757;REMY;CLEMENT
99994371;BAILLIEUX;MESSAOUD
99994267;SENECHAL;FABIEN
99991232;CARRETERO;OPHELIE
99990754;LIBERT;ISAAC
99990778;BURGHGRAEVE;GAETAN
99997486;CHLEBICKI;ANTOINE
99994563;BARRY;YOHAN
99994344;DHALLUIN;AICHA
99993997;BLOCK;PAPA AMADOU
99995223;JABBOUR;ILHAM
99977423;AMANI;ERIC
99991573;LAAROUSSI;MARC
99991431;BOUHERFTAIN;JEREMY
99994978;LIBER;ADNANE
99997700;URLI;KINDA
99985577;FAYE;DAMIEN
99996345;LAFARGUE;GEOFFREY
99994954;HARLEAUX;THOMAS
99995443;NAPOLI;DANA
99996012;OURAHMA;MARVIN
99995148;BAREZ;LAKHDAR
99982981;DELAPLACE;CHRISTIAN
99973763;GOMBERT;CHRISTIAN
99995584;KALSAN;BENJAMIN
99973810;NGUYEN;MOHAND
99996998;DAUCHY;WILLIAM
99997622;DOUADI;THOMAS
99983220;ALLART;JULIEN
99997701;GOZET;FETHI
99993358;LAMBIN;MARION
99994696;EL AMRI;IBRAHIMA
99994667;LAMKADEM;NOMWENDE CHRISTIAN
99994852;DIOP;ASSAD
99995469;HALUK;KOSSI
99962666;AYOUB;THOMAS
99966385;KORRY;LARBI
99985591;DRISSI TOUZANI WALALI;PAULINE
99990902;KHENNOU;ZIED
99963288;TONDAGANI;AURELIEN
99994570;MAGNIER;ISSAM
99995184;PERON;AICHA
99983230;GUAN;MANELLE
99961239;ODENT;THOMAS
99985653;LEFEBVRE;ABDELMOUHCINE
99994675;DJIMADOUM;REMI
99995009;THILLIEZ;DOUNIA
99983410;FACHON;SANDRA
99983174;LAMBIN;OUMY
99991334;DEBAILLEUL;SARAH
99994631;BRAUD;CHARLES FRANCOIS
99995345;EL YOUSFI;YOUNESS
99983039;TERROIR;AMANDINE
99983015;LHERMITE;AURELIEN
99995522;GAZENGEL;AMANDINE
99993111;DIALLO;MATHIEU
99994577;NAVET;PAPA AMADOU
99997523;HADJ;YAMINA
99994572;AMRANI HANCHI;YUNLIN
99982960;BENTAIEB;LYDIE
99991699;MENDIL;HASNA
99991480;SMET;MARC
99982239;ROUSSEL;LORIA
99991204;BOUSSELMI;NAJIM
99965523;BERTRAND;MOHAMMED
99981065;BOUQUET;LAURENA
99994266;MANGOT;EMMANUEL
99991698;BOUTIYARZIST;LAMINE
99997538;HELART;MAXIME
99983234;BARRY;WILLIAM
99995167;OUDELHA;TARIK
99996399;DOUALLE;JENNY
99994581;WARLOP;LUCIE
99971773;DAUTRICOURT;ABOUCHOUAIB
99983418;DECOUT;DAMIEN
99986112;KIEFFER;OUMY
99990153;MEVAERE;NIHAL
99975117;AMMAR;HAROLD
99984134;KOUYATE;YASMINE
99994630;BELARBI;HAKIM
99983479;BAGUMAKO;JONATHAN
99983864;FOLLIOT;AURELIE
99983178;DELABRE;MAEL
99990859;PALLARES;JULIEN
99991880;SETTAR;ALEXANDRE
99990173;CAMPION;ELHADJ IBRAHIMA SORY
99964534;CUVILLIER;YLIA
99983072;YATAGHENE;ELODIE
99997257;AZRAK;FREDERIC
99963485;CRAMPON;AKTAR ANFANE
99994715;MONIER;GAUTHIER
99985615;LEGRAND;ADELINE
99982992;FREVILLE;OMAR
99964164;BLOCQUET;OUSSAMA
99994022;DESCHAMPS;HASNA
99991631;BOUACHA;AURELIE
99991004;SCHEER;DAVID
99970057;MICHALON;HAGIR
99993079;KORRY;THEOPHILE
99987925;BAZELIS;NORA
99993319;EL BOUKHIARI;AHMED
99991678;LEFEBVRE;ZIAD
99994848;YETTOU;SOFIANE
99973569;ABOU CHAKRA;JONATHAN
